algorithm,length_bytes,ber,trial,errors,corrupted,encoded_bits,overhead_pct,detected,corrected,false_negative,recovered_correctly,encode_ns,decode_ns
hamming,1,0,0,0,0,13,62.5,0,0,0,1,14109,319707
hamming,1,0,1,0,0,13,62.5,0,0,0,1,12216,105147
hamming,1,0,2,0,0,13,62.5,0,0,0,1,12772,92292
hamming,1,0,3,0,0,13,62.5,0,0,0,1,20834,81722
hamming,1,0,4,0,0,13,62.5,0,0,0,1,13533,92612
hamming,1,0,5,0,0,13,62.5,0,0,0,1,12813,94894
hamming,1,0,6,0,0,13,62.5,0,0,0,1,13883,89959
hamming,1,0,7,0,0,13,62.5,0,0,0,1,17102,95182
hamming,1,0,8,0,0,13,62.5,0,0,0,1,15538,78585
hamming,1,0,9,0,0,13,62.5,0,0,0,1,12391,90452
hamming,1,0,10,0,0,13,62.5,0,0,0,1,15147,146002
hamming,1,0,11,0,0,13,62.5,0,0,0,1,14140,96581
hamming,1,0.001,0,0,0,13,62.5,0,0,0,1,13975,100149
hamming,1,0.001,1,0,0,13,62.5,0,0,0,1,15754,176961
hamming,1,0.001,2,0,0,13,62.5,0,0,0,1,14355,104448
hamming,1,0.001,3,0,0,13,62.5,0,0,0,1,16124,116201
hamming,1,0.001,4,0,0,13,62.5,0,0,0,1,13153,141282
hamming,1,0.001,5,0,0,13,62.5,0,0,0,1,14150,102391
hamming,1,0.001,6,0,0,13,62.5,0,0,0,1,11785,75057
hamming,1,0.001,7,0,0,13,62.5,0,0,0,1,12021,73444
hamming,1,0.001,8,0,0,13,62.5,0,0,0,1,12874,68538
hamming,1,0.001,9,0,0,13,62.5,0,0,0,1,11208,79861
hamming,1,0.001,10,0,0,13,62.5,0,0,0,1,11558,78595
hamming,1,0.001,11,0,0,13,62.5,0,0,0,1,11034,69422
hamming,1,0.01,0,1,1,13,62.5,1,1,0,1,13306,77937
hamming,1,0.01,1,0,0,13,62.5,0,0,0,1,12032,67952
hamming,1,0.01,2,0,0,13,62.5,0,0,0,1,11538,79973
hamming,1,0.01,3,0,0,13,62.5,0,0,0,1,11703,87377
hamming,1,0.01,4,0,0,13,62.5,0,0,0,1,11374,70687
hamming,1,0.01,5,0,0,13,62.5,0,0,0,1,12895,67232
hamming,1,0.01,6,0,0,13,62.5,0,0,0,1,16947,78719
hamming,1,0.01,7,0,0,13,62.5,0,0,0,1,13358,79747
hamming,1,0.01,8,0,0,13,62.5,0,0,0,1,11754,80755
hamming,1,0.01,9,0,0,13,62.5,0,0,0,1,11784,67006
hamming,1,0.01,10,0,0,13,62.5,0,0,0,1,11723,67397
hamming,1,0.01,11,0,0,13,62.5,0,0,0,1,14140,74873
hamming,1,0.05,0,1,1,13,62.5,1,1,0,1,13811,82081
hamming,1,0.05,1,1,1,13,62.5,1,1,0,1,11918,71746
hamming,1,0.05,2,0,0,13,62.5,0,0,0,1,15580,74801
hamming,1,0.05,3,1,1,13,62.5,1,1,0,1,13903,93588
hamming,1,0.05,4,0,0,13,62.5,0,0,0,1,11631,74821
hamming,1,0.05,5,0,0,13,62.5,0,0,0,1,11507,76724
hamming,1,0.05,6,1,1,13,62.5,1,1,0,1,11713,68867
hamming,1,0.05,7,0,0,13,62.5,0,0,0,1,15250,63705
hamming,1,0.05,8,0,0,13,62.5,0,0,0,1,11568,69032
hamming,1,0.05,9,0,0,13,62.5,0,0,0,1,13852,353704
hamming,1,0.05,10,1,1,13,62.5,1,1,0,1,15435,96242
hamming,1,0.05,11,0,0,13,62.5,0,0,0,1,14356,75469
hamming,8,0,0,0,0,104,62.5,0,0,0,1,25944,240578
hamming,8,0,1,0,0,104,62.5,0,0,0,1,26243,134330
hamming,8,0,2,0,0,104,62.5,0,0,0,1,25451,129004
hamming,8,0,3,0,0,104,62.5,0,0,0,1,30686,138721
hamming,8,0,4,0,0,104,62.5,0,0,0,1,24701,185830
hamming,8,0,5,0,0,104,62.5,0,0,0,1,26654,143709
hamming,8,0,6,0,0,104,62.5,0,0,0,1,40125,190025
hamming,8,0,7,0,0,104,62.5,0,0,0,1,25925,135184
hamming,8,0,8,0,0,104,62.5,0,0,0,1,24957,134186
hamming,8,0,9,0,0,104,62.5,0,0,0,1,24751,147267
hamming,8,0,10,0,0,104,62.5,0,0,0,1,24957,135184
hamming,8,0,11,0,0,104,62.5,0,0,0,1,24926,174322
hamming,8,0.001,0,0,0,104,62.5,0,0,0,1,28566,133611
hamming,8,0.001,1,0,0,104,62.5,0,0,0,1,24618,134043
hamming,8,0.001,2,0,0,104,62.5,0,0,0,1,25451,130032
hamming,8,0.001,3,0,0,104,62.5,0,0,0,1,25636,144100
hamming,8,0.001,4,0,0,104,62.5,0,0,0,1,34192,192842
hamming,8,0.001,5,0,0,104,62.5,0,0,0,1,23764,136100
hamming,8,0.001,6,0,0,104,62.5,0,0,0,1,24659,130228
hamming,8,0.001,7,0,0,104,62.5,0,0,0,1,24772,133621
hamming,8,0.001,8,0,0,104,62.5,0,0,0,1,30757,145252
hamming,8,0.001,9,0,0,104,62.5,0,0,0,1,24618,134937
hamming,8,0.001,10,0,0,104,62.5,0,0,0,1,28536,133159
hamming,8,0.001,11,0,0,104,62.5,0,0,0,1,24732,135699
hamming,8,0.01,0,1,1,104,62.5,1,1,0,1,31107,140213
hamming,8,0.01,1,1,1,104,62.5,1,1,0,1,39262,196143
hamming,8,0.01,2,0,0,104,62.5,0,0,0,1,32423,142917
hamming,8,0.01,3,1,1,104,62.5,1,1,0,1,26428,136911
hamming,8,0.01,4,1,1,104,62.5,1,1,0,1,29565,173047
hamming,8,0.01,5,1,1,104,62.5,1,1,0,1,26325,147956
hamming,8,0.01,6,0,0,104,62.5,0,0,0,1,27333,296456
hamming,8,0.01,7,0,0,104,62.5,0,0,0,1,28392,130484
hamming,8,0.01,8,0,0,104,62.5,0,0,0,1,24711,135699
hamming,8,0.01,9,0,0,104,62.5,0,0,0,1,24958,147607
hamming,8,0.01,10,0,0,104,62.5,0,0,0,1,27796,146023
hamming,8,0.01,11,0,0,104,62.5,0,0,0,1,24608,138269
hamming,8,0.05,0,2,1,104,62.5,1,1,0,1,57730,137416
hamming,8,0.05,1,2,1,104,62.5,1,1,0,1,25040,186210
hamming,8,0.05,2,2,1,104,62.5,1,1,0,1,25821,145704
hamming,8,0.05,3,9,1,104,62.5,1,0,0,0,24711,112078
hamming,8,0.05,4,3,1,104,62.5,1,0,0,0,24535,108499
hamming,8,0.05,5,4,1,104,62.5,1,1,0,1,31292,138403
hamming,8,0.05,6,4,1,104,62.5,1,1,0,1,24783,138578
hamming,8,0.05,7,4,1,104,62.5,1,0,0,0,29328,116108
hamming,8,0.05,8,2,1,104,62.5,1,1,0,1,24824,145663
hamming,8,0.05,9,1,1,104,62.5,1,1,0,1,24865,136572
hamming,8,0.05,10,3,1,104,62.5,1,1,0,1,24937,148779
hamming,8,0.05,11,2,1,104,62.5,1,1,0,1,24978,155443
hamming,32,0,0,0,0,416,62.5,0,0,0,1,79911,513990
hamming,32,0,1,0,0,416,62.5,0,0,0,1,110463,451046
hamming,32,0,2,0,0,416,62.5,0,0,0,1,103646,550135
hamming,32,0,3,0,0,416,62.5,0,0,0,1,63685,400287
hamming,32,0,4,0,0,416,62.5,0,0,0,1,62060,475530
hamming,32,0,5,0,0,416,62.5,0,0,0,1,213491,559689
hamming,32,0,6,0,0,416,62.5,0,0,0,1,80723,399660
hamming,32,0,7,0,0,416,62.5,0,0,0,1,109178,555966
hamming,32,0,8,0,0,416,62.5,0,0,0,1,63900,507295
hamming,32,0,9,0,0,416,62.5,0,0,0,1,76219,459602
hamming,32,0,10,0,0,416,62.5,0,0,0,1,196308,483937
hamming,32,0,11,0,0,416,62.5,0,0,0,1,74359,378949
hamming,32,0.001,0,0,0,416,62.5,0,0,0,1,89691,414746
hamming,32,0.001,1,0,0,416,62.5,0,0,0,1,63869,745682
hamming,32,0.001,2,0,0,416,62.5,0,0,0,1,65103,650208
hamming,32,0.001,3,2,1,416,62.5,1,1,0,1,78842,459539
hamming,32,0.001,4,0,0,416,62.5,0,0,0,1,78368,555699
hamming,32,0.001,5,0,0,416,62.5,0,0,0,1,78441,563051
hamming,32,0.001,6,0,0,416,62.5,0,0,0,1,107234,431744
hamming,32,0.001,7,1,1,416,62.5,1,1,0,1,78647,546630
hamming,32,0.001,8,0,0,416,62.5,0,0,0,1,76981,467746
hamming,32,0.001,9,0,0,416,62.5,0,0,0,1,62379,637748
hamming,32,0.001,10,0,0,416,62.5,0,0,0,1,107471,654573
hamming,32,0.001,11,0,0,416,62.5,0,0,0,1,80117,384389
hamming,32,0.01,0,5,1,416,62.5,1,1,0,1,63623,378322
hamming,32,0.01,1,7,1,416,62.5,1,0,0,0,63386,402796
hamming,32,0.01,2,3,1,416,62.5,1,1,0,1,76570,433749
hamming,32,0.01,3,7,1,416,62.5,1,1,0,1,64013,439528
hamming,32,0.01,4,2,1,416,62.5,1,1,0,1,90781,419219
hamming,32,0.01,5,2,1,416,62.5,1,1,0,1,61915,383855
hamming,32,0.01,6,6,1,416,62.5,1,1,0,1,71859,697711
hamming,32,0.01,7,3,1,416,62.5,1,1,0,1,101106,523271
hamming,32,0.01,8,1,1,416,62.5,1,1,0,1,100159,467520
hamming,32,0.01,9,4,1,416,62.5,1,1,0,1,63530,536459
hamming,32,0.01,10,0,0,416,62.5,0,0,0,1,76940,565251
hamming,32,0.01,11,2,1,416,62.5,1,1,0,1,62234,390282
hamming,32,0.05,0,15,1,416,62.5,1,0,0,0,86297,672676
hamming,32,0.05,1,18,1,416,62.5,1,0,0,0,82091,590672
hamming,32,0.05,2,12,1,416,62.5,1,0,0,0,62666,329580
hamming,32,0.05,3,28,1,416,62.5,1,0,0,0,61618,435682
hamming,32,0.05,4,16,1,416,62.5,1,0,0,0,78019,459683
hamming,32,0.05,5,14,1,416,62.5,1,0,0,0,61741,403434
hamming,32,0.05,6,25,1,416,62.5,1,0,0,0,214335,468188
hamming,32,0.05,7,22,1,416,62.5,1,0,0,0,62852,306771
hamming,32,0.05,8,13,1,416,62.5,1,0,0,0,79541,440855
hamming,32,0.05,9,21,1,416,62.5,1,0,0,0,66399,344429
hamming,32,0.05,10,14,1,416,62.5,1,0,0,0,130886,430345
hamming,32,0.05,11,16,1,416,62.5,1,0,0,0,62255,301053
hamming,128,0,0,0,0,1664,62.5,0,0,0,1,241184,1391294
hamming,128,0,1,0,0,1664,62.5,0,0,0,1,205234,1416471
hamming,128,0,2,0,0,1664,62.5,0,0,0,1,203835,1604605
hamming,128,0,3,0,0,1664,62.5,0,0,0,1,235395,1422107
hamming,128,0,4,0,0,1664,62.5,0,0,0,1,210015,1375267
hamming,128,0,5,0,0,1664,62.5,0,0,0,1,199486,1371780
hamming,128,0,6,0,0,1664,62.5,0,0,0,1,199125,1916908
hamming,128,0,7,0,0,1664,62.5,0,0,0,1,202705,1872788
hamming,128,0,8,0,0,1664,62.5,0,0,0,1,201584,1500774
hamming,128,0,9,0,0,1664,62.5,0,0,0,1,204175,1332426
hamming,128,0,10,0,0,1664,62.5,0,0,0,1,229698,1603679
hamming,128,0,11,0,0,1664,62.5,0,0,0,1,211836,1307613
hamming,128,0.001,0,0,0,1664,62.5,0,0,0,1,259735,1302831
hamming,128,0.001,1,0,0,1664,62.5,0,0,0,1,200904,1288187
hamming,128,0.001,2,0,0,1664,62.5,0,0,0,1,205748,2042591
hamming,128,0.001,3,2,1,1664,62.5,1,1,0,1,202386,1731799
hamming,128,0.001,4,2,1,1664,62.5,1,1,0,1,384297,1854221
hamming,128,0.001,5,0,0,1664,62.5,0,0,0,1,206046,1304281
hamming,128,0.001,6,1,1,1664,62.5,1,1,0,1,209923,1276743
hamming,128,0.001,7,3,1,1664,62.5,1,1,0,1,201203,1324385
hamming,128,0.001,8,3,1,1664,62.5,1,1,0,1,206745,1922296
hamming,128,0.001,9,0,0,1664,62.5,0,0,0,1,269124,1859321
hamming,128,0.001,10,1,1,1664,62.5,1,1,0,1,372553,1309721
hamming,128,0.001,11,1,1,1664,62.5,1,1,0,1,279232,1242591
hamming,128,0.01,0,21,1,1664,62.5,1,0,0,0,205676,1620811
hamming,128,0.01,1,15,1,1664,62.5,1,0,0,0,264949,1161467
hamming,128,0.01,2,11,1,1664,62.5,1,1,0,1,271530,1356386
hamming,128,0.01,3,21,1,1664,62.5,1,0,0,0,262059,1155204
hamming,128,0.01,4,16,1,1664,62.5,1,0,0,0,201532,1094255
hamming,128,0.01,5,8,1,1664,62.5,1,1,0,1,297917,1323244
hamming,128,0.01,6,19,1,1664,62.5,1,0,0,0,271315,1743210
hamming,128,0.01,7,15,1,1664,62.5,1,1,0,1,303121,1943346
hamming,128,0.01,8,21,1,1664,62.5,1,0,0,0,252260,1341177
hamming,128,0.01,9,15,1,1664,62.5,1,0,0,0,208638,1305587
hamming,128,0.01,10,14,1,1664,62.5,1,1,0,1,266492,1409972
hamming,128,0.01,11,12,1,1664,62.5,1,0,0,0,262398,1191494
hamming,128,0.05,0,83,1,1664,62.5,1,0,0,0,209563,1380717
hamming,128,0.05,1,75,1,1664,62.5,1,0,0,0,202467,1091891
hamming,128,0.05,2,74,1,1664,62.5,1,0,0,0,202088,1161806
hamming,128,0.05,3,90,1,1664,62.5,1,0,0,0,204298,1136201
hamming,128,0.05,4,75,1,1664,62.5,1,0,0,0,258214,1160284
hamming,128,0.05,5,74,1,1664,62.5,1,0,0,0,204493,1169601
hamming,128,0.05,6,79,1,1664,62.5,1,0,0,0,202859,1139050
hamming,128,0.05,7,70,1,1664,62.5,1,0,0,0,208916,1684959
hamming,128,0.05,8,79,1,1664,62.5,1,0,0,0,264343,1771677
hamming,128,0.05,9,83,1,1664,62.5,1,0,0,0,226222,1048535
hamming,128,0.05,10,59,1,1664,62.5,1,0,0,0,205110,1151205
hamming,128,0.05,11,69,1,1664,62.5,1,0,0,0,253000,1169745
hamming,512,0,0,0,0,6656,62.5,0,0,0,1,843508,7183953
hamming,512,0,1,0,0,6656,62.5,0,0,0,1,1116364,7045061
hamming,512,0,2,0,0,6656,62.5,0,0,0,1,840700,7091708
hamming,512,0,3,0,0,6656,62.5,0,0,0,1,891963,5918393
hamming,512,0,4,0,0,6656,62.5,0,0,0,1,1370917,4945852
hamming,512,0,5,0,0,6656,62.5,0,0,0,1,777283,6738497
hamming,512,0,6,0,0,6656,62.5,0,0,0,1,875035,5164140
hamming,512,0,7,0,0,6656,62.5,0,0,0,1,1118555,5778551
hamming,512,0,8,0,0,6656,62.5,0,0,0,1,770722,5281210
hamming,512,0,9,0,0,6656,62.5,0,0,0,1,771350,6324903
hamming,512,0,10,0,0,6656,62.5,0,0,0,1,788677,6787281
hamming,512,0,11,0,0,6656,62.5,0,0,0,1,796286,5092007
hamming,512,0.001,0,4,1,6656,62.5,1,1,0,1,778003,5079930
hamming,512,0.001,1,9,1,6656,62.5,1,1,0,1,866891,5003252
hamming,512,0.001,2,8,1,6656,62.5,1,1,0,1,781695,5059399
hamming,512,0.001,3,4,1,6656,62.5,1,1,0,1,845511,6410511
hamming,512,0.001,4,5,1,6656,62.5,1,1,0,1,790178,5487286
hamming,512,0.001,5,3,1,6656,62.5,1,1,0,1,880888,4993875
hamming,512,0.001,6,7,1,6656,62.5,1,1,0,1,782919,5181946
hamming,512,0.001,7,6,1,6656,62.5,1,1,0,1,1029459,8037944
hamming,512,0.001,8,14,1,6656,62.5,1,1,0,1,1227866,6331062
hamming,512,0.001,9,5,1,6656,62.5,1,1,0,1,1126977,6293497
hamming,512,0.001,10,9,1,6656,62.5,1,1,0,1,991792,5955280
hamming,512,0.001,11,4,1,6656,62.5,1,1,0,1,1020616,5731894
hamming,512,0.01,0,68,1,6656,62.5,1,0,0,0,1180922,4310221
hamming,512,0.01,1,78,1,6656,62.5,1,0,0,0,886841,6746229
hamming,512,0.01,2,61,1,6656,62.5,1,0,0,0,1061801,5183559
hamming,512,0.01,3,67,1,6656,62.5,1,0,0,0,1027568,4478383
hamming,512,0.01,4,75,1,6656,62.5,1,0,0,0,1031815,4402750
hamming,512,0.01,5,60,1,6656,62.5,1,1,0,1,1584717,7243817
hamming,512,0.01,6,67,1,6656,62.5,1,0,0,0,1018745,4911096
hamming,512,0.01,7,69,1,6656,62.5,1,0,0,0,802199,4179829
hamming,512,0.01,8,70,1,6656,62.5,1,0,0,0,777612,5010409
hamming,512,0.01,9,68,1,6656,62.5,1,0,0,0,1055364,4662166
hamming,512,0.01,10,71,1,6656,62.5,1,0,0,0,1164038,5985451
hamming,512,0.01,11,57,1,6656,62.5,1,0,0,0,903932,5542590
hamming,512,0.05,0,322,1,6656,62.5,1,0,0,0,1100024,5202337
hamming,512,0.05,1,348,1,6656,62.5,1,0,0,0,805150,5140040
hamming,512,0.05,2,324,1,6656,62.5,1,0,0,0,1082317,5838253
hamming,512,0.05,3,330,1,6656,62.5,1,0,0,0,1314441,5576906
hamming,512,0.05,4,340,1,6656,62.5,1,0,0,0,782826,5201124
hamming,512,0.05,5,324,1,6656,62.5,1,0,0,0,1287550,4365420
hamming,512,0.05,6,318,1,6656,62.5,1,0,0,0,906904,4351904
hamming,512,0.05,7,305,1,6656,62.5,1,0,0,0,781715,4982584
hamming,512,0.05,8,317,1,6656,62.5,1,0,0,0,1097544,4823912
hamming,512,0.05,9,334,1,6656,62.5,1,0,0,0,776481,5013675
hamming,512,0.05,10,321,1,6656,62.5,1,0,0,0,763864,4393854
hamming,512,0.05,11,325,1,6656,62.5,1,0,0,0,1015722,4540982
crc32,1,0,0,0,0,40,400.0,0,0,0,1,8453,90946
crc32,1,0,1,0,0,40,400.0,0,0,0,1,8236,73628
crc32,1,0,2,0,0,40,400.0,0,0,0,1,8772,63808
crc32,1,0,3,0,0,40,400.0,0,0,0,1,8453,63407
crc32,1,0,4,0,0,40,400.0,0,0,0,1,8267,65690
crc32,1,0,5,0,0,40,400.0,0,0,0,1,8134,58039
crc32,1,0,6,0,0,40,400.0,0,0,0,1,9121,54934
crc32,1,0,7,0,0,40,400.0,0,0,0,1,8278,59078
crc32,1,0,8,0,0,40,400.0,0,0,0,1,8442,67644
crc32,1,0,9,0,0,40,400.0,0,0,0,1,8237,57299
crc32,1,0,10,0,0,40,400.0,0,0,0,1,8206,56280
crc32,1,0,11,0,0,40,400.0,0,0,0,1,8525,59067
crc32,1,0.001,0,0,0,40,400.0,0,0,0,1,8320,56784
crc32,1,0.001,1,0,0,40,400.0,0,0,0,1,8206,61751
crc32,1,0.001,2,0,0,40,400.0,0,0,0,1,10643,87933
crc32,1,0.001,3,0,0,40,400.0,0,0,0,1,8730,66142
crc32,1,0.001,4,0,0,40,400.0,0,0,0,1,8402,61803
crc32,1,0.001,5,0,0,40,400.0,0,0,0,1,8298,56681
crc32,1,0.001,6,0,0,40,400.0,0,0,0,1,8237,55334
crc32,1,0.001,7,0,0,40,400.0,0,0,0,1,9965,67489
crc32,1,0.001,8,0,0,40,400.0,0,0,0,1,8411,58028
crc32,1,0.001,9,0,0,40,400.0,0,0,0,1,7959,58440
crc32,1,0.001,10,0,0,40,400.0,0,0,0,1,8546,93712
crc32,1,0.001,11,0,0,40,400.0,0,0,0,1,8484,112036
crc32,1,0.01,0,1,1,40,400.0,1,0,0,0,10129,66184
crc32,1,0.01,1,0,0,40,400.0,0,0,0,1,9954,77320
crc32,1,0.01,2,0,0,40,400.0,0,0,0,1,9728,63386
crc32,1,0.01,3,1,1,40,400.0,1,0,0,0,8370,48496
crc32,1,0.01,4,0,0,40,400.0,0,0,0,1,10068,199331
crc32,1,0.01,5,1,1,40,400.0,1,0,0,0,8381,60229
crc32,1,0.01,6,0,0,40,400.0,0,0,0,1,8401,62286
crc32,1,0.01,7,0,0,40,400.0,0,0,0,1,10376,98155
crc32,1,0.01,8,0,0,40,400.0,0,0,0,1,8360,89865
crc32,1,0.01,9,0,0,40,400.0,0,0,0,1,8453,70378
crc32,1,0.01,10,0,0,40,400.0,0,0,0,1,8628,82781
crc32,1,0.01,11,0,0,40,400.0,0,0,0,1,8597,64857
crc32,1,0.05,0,1,1,40,400.0,1,0,0,0,8309,58306
crc32,1,0.05,1,1,1,40,400.0,1,0,0,0,10623,86812
crc32,1,0.05,2,1,1,40,400.0,1,0,0,0,8483,109743
crc32,1,0.05,3,4,1,40,400.0,1,0,0,0,8186,103584
crc32,1,0.05,4,0,0,40,400.0,0,0,0,1,8782,75398
crc32,1,0.05,5,1,1,40,400.0,1,0,0,0,10325,63983
crc32,1,0.05,6,1,1,40,400.0,1,0,0,0,10334,70132
crc32,1,0.05,7,0,0,40,400.0,0,0,0,1,8361,78585
crc32,1,0.05,8,1,1,40,400.0,1,0,0,0,8679,62152
crc32,1,0.05,9,0,0,40,400.0,0,0,0,1,9008,71685
crc32,1,0.05,10,2,1,40,400.0,1,0,0,0,11260,104026
crc32,1,0.05,11,1,1,40,400.0,1,0,0,0,8926,67685
crc32,8,0,0,0,0,96,50.0,0,0,0,1,9707,107327
crc32,8,0,1,0,0,96,50.0,0,0,0,1,9152,111265
crc32,8,0,2,0,0,96,50.0,0,0,0,1,9388,137642
crc32,8,0,3,0,0,96,50.0,0,0,0,1,9481,143894
crc32,8,0,4,0,0,96,50.0,0,0,0,1,59448,116931
crc32,8,0,5,0,0,96,50.0,0,0,0,1,11898,157026
crc32,8,0,6,0,0,96,50.0,0,0,0,1,11980,122062
crc32,8,0,7,0,0,96,50.0,0,0,0,1,11713,159700
crc32,8,0,8,0,0,96,50.0,0,0,0,1,9286,114926
crc32,8,0,9,0,0,96,50.0,0,0,0,1,11693,140861
crc32,8,0,10,0,0,96,50.0,0,0,0,1,9563,113034
crc32,8,0,11,0,0,96,50.0,0,0,0,1,9224,99522
crc32,8,0.001,0,0,0,96,50.0,0,0,0,1,9193,96673
crc32,8,0.001,1,0,0,96,50.0,0,0,0,1,11147,123153
crc32,8,0.001,2,0,0,96,50.0,0,0,0,1,11795,148737
crc32,8,0.001,3,0,0,96,50.0,0,0,0,1,9656,114330
crc32,8,0.001,4,0,0,96,50.0,0,0,0,1,9944,116859
crc32,8,0.001,5,0,0,96,50.0,0,0,0,1,9574,115492
crc32,8,0.001,6,0,0,96,50.0,0,0,0,1,9481,147000
crc32,8,0.001,7,0,0,96,50.0,0,0,0,1,9337,107060
crc32,8,0.001,8,0,0,96,50.0,0,0,0,1,10612,102103
crc32,8,0.001,9,0,0,96,50.0,0,0,0,1,10911,107070
crc32,8,0.001,10,0,0,96,50.0,0,0,0,1,9265,119193
crc32,8,0.001,11,0,0,96,50.0,0,0,0,1,9337,170250
crc32,8,0.01,0,1,1,96,50.0,1,0,0,0,13615,87408
crc32,8,0.01,1,1,1,96,50.0,1,0,0,0,9152,84601
crc32,8,0.01,2,0,0,96,50.0,0,0,0,1,9049,95768
crc32,8,0.01,3,1,1,96,50.0,1,0,0,0,9214,85722
crc32,8,0.01,4,1,1,96,50.0,1,0,0,0,9019,80035
crc32,8,0.01,5,1,1,96,50.0,1,0,0,0,10417,79582
crc32,8,0.01,6,0,0,96,50.0,0,0,0,1,9337,104211
crc32,8,0.01,7,0,0,96,50.0,0,0,0,1,14818,107511
crc32,8,0.01,8,0,0,96,50.0,0,0,0,1,9255,130217
crc32,8,0.01,9,0,0,96,50.0,0,0,0,1,11188,102452
crc32,8,0.01,10,0,0,96,50.0,0,0,0,1,10705,144562
crc32,8,0.01,11,0,0,96,50.0,0,0,0,1,10973,125498
crc32,8,0.05,0,2,1,96,50.0,1,0,0,0,9214,102102
crc32,8,0.05,1,2,1,96,50.0,1,0,0,0,11106,101023
crc32,8,0.05,2,2,1,96,50.0,1,0,0,0,9245,108417
crc32,8,0.05,3,8,1,96,50.0,1,0,0,0,9059,79531
crc32,8,0.05,4,3,1,96,50.0,1,0,0,0,10777,142342
crc32,8,0.05,5,3,1,96,50.0,1,0,0,0,11363,127019
crc32,8,0.05,6,3,1,96,50.0,1,0,0,0,9440,77978
crc32,8,0.05,7,4,1,96,50.0,1,0,0,0,9060,145405
crc32,8,0.05,8,2,1,96,50.0,1,0,0,0,9142,93413
crc32,8,0.05,9,1,1,96,50.0,1,0,0,0,9101,77125
crc32,8,0.05,10,3,1,96,50.0,1,0,0,0,9388,103367
crc32,8,0.05,11,2,1,96,50.0,1,0,0,0,8833,190375
crc32,32,0,0,0,0,288,12.5,0,0,0,1,15816,316098
crc32,32,0,1,0,0,288,12.5,0,0,0,1,55396,343204
crc32,32,0,2,0,0,288,12.5,0,0,0,1,15836,226469
crc32,32,0,3,0,0,288,12.5,0,0,0,1,16648,295295
crc32,32,0,4,0,0,288,12.5,0,0,0,1,16330,321260
crc32,32,0,5,0,0,288,12.5,0,0,0,1,17616,213974
crc32,32,0,6,0,0,288,12.5,0,0,0,1,16206,209728
crc32,32,0,7,0,0,288,12.5,0,0,0,1,16412,204062
crc32,32,0,8,0,0,288,12.5,0,0,0,1,16279,201676
crc32,32,0,9,0,0,288,12.5,0,0,0,1,19497,256413
crc32,32,0,10,0,0,288,12.5,0,0,0,1,16484,209872
crc32,32,0,11,0,0,288,12.5,0,0,0,1,16453,202375
crc32,32,0.001,0,0,0,288,12.5,0,0,0,1,15713,202560
crc32,32,0.001,1,0,0,288,12.5,0,0,0,1,19291,256126
crc32,32,0.001,2,0,0,288,12.5,0,0,0,1,16155,203177
crc32,32,0.001,3,2,1,288,12.5,1,0,0,0,15836,142362
crc32,32,0.001,4,0,0,288,12.5,0,0,0,1,19755,205306
crc32,32,0.001,5,0,0,288,12.5,0,0,0,1,19826,205707
crc32,32,0.001,6,0,0,288,12.5,0,0,0,1,26099,293897
crc32,32,0.001,7,0,0,288,12.5,0,0,0,1,18839,211609
crc32,32,0.001,8,0,0,288,12.5,0,0,0,1,18499,206396
crc32,32,0.001,9,0,0,288,12.5,0,0,0,1,16042,226541
crc32,32,0.001,10,0,0,288,12.5,0,0,0,1,18582,204298
crc32,32,0.001,11,0,0,288,12.5,0,0,0,1,15909,206952
crc32,32,0.01,0,4,1,288,12.5,1,0,0,0,16330,142773
crc32,32,0.01,1,2,1,288,12.5,1,0,0,0,15774,144193
crc32,32,0.01,2,2,1,288,12.5,1,0,0,0,17821,145303
crc32,32,0.01,3,4,1,288,12.5,1,0,0,0,16257,163864
crc32,32,0.01,4,1,1,288,12.5,1,0,0,0,16196,144223
crc32,32,0.01,5,2,1,288,12.5,1,0,0,0,16124,143668
crc32,32,0.01,6,4,1,288,12.5,1,0,0,0,15651,141817
crc32,32,0.01,7,2,1,288,12.5,1,0,0,0,16257,184215
crc32,32,0.01,8,1,1,288,12.5,1,0,0,0,30901,141909
crc32,32,0.01,9,3,1,288,12.5,1,0,0,0,15569,147966
crc32,32,0.01,10,0,0,288,12.5,0,0,0,1,16309,200154
crc32,32,0.01,11,1,1,288,12.5,1,0,0,0,16299,145941
crc32,32,0.05,0,11,1,288,12.5,1,0,0,0,15703,144634
crc32,32,0.05,1,11,1,288,12.5,1,0,0,0,15981,204535
crc32,32,0.05,2,8,1,288,12.5,1,0,0,0,19446,221759
crc32,32,0.05,3,21,1,288,12.5,1,0,0,0,15723,151586
crc32,32,0.05,4,11,1,288,12.5,1,0,0,0,16473,184595
crc32,32,0.05,5,10,1,288,12.5,1,0,0,0,16607,153180
crc32,32,0.05,6,18,1,288,12.5,1,0,0,0,16156,146044
crc32,32,0.05,7,16,1,288,12.5,1,0,0,0,16454,147585
crc32,32,0.05,8,8,1,288,12.5,1,0,0,0,16453,144470
crc32,32,0.05,9,17,1,288,12.5,1,0,0,0,16988,143164
crc32,32,0.05,10,9,1,288,12.5,1,0,0,0,16227,145334
crc32,32,0.05,11,10,1,288,12.5,1,0,0,0,16093,155967
crc32,128,0,0,0,0,1056,3.125,0,0,0,1,52156,993068
crc32,128,0,1,0,0,1056,3.125,0,0,0,1,54008,1160726
crc32,128,0,2,0,0,1056,3.125,0,0,0,1,64373,858233
crc32,128,0,3,0,0,1056,3.125,0,0,0,1,88427,962557
crc32,128,0,4,0,0,1056,3.125,0,0,0,1,45113,746832
crc32,128,0,5,0,0,1056,3.125,0,0,0,1,57093,1164275
crc32,128,0,6,0,0,1056,3.125,0,0,0,1,42388,730052
crc32,128,0,7,0,0,1056,3.125,0,0,0,1,43262,709650
crc32,128,0,8,0,0,1056,3.125,0,0,0,1,44804,1234540
crc32,128,0,9,0,0,1056,3.125,0,0,0,1,55005,776434
crc32,128,0,10,0,0,1056,3.125,0,0,0,1,78925,823383
crc32,128,0,11,0,0,1056,3.125,0,0,0,1,64147,805459
crc32,128,0.001,0,0,0,1056,3.125,0,0,0,1,49401,667683
crc32,128,0.001,1,0,0,1056,3.125,0,0,0,1,52023,1260464
crc32,128,0.001,2,0,0,1056,3.125,0,0,0,1,42871,1552850
crc32,128,0.001,3,2,1,1056,3.125,1,0,0,0,48670,896948
crc32,128,0.001,4,1,1,1056,3.125,1,0,0,0,51982,439096
crc32,128,0.001,5,0,0,1056,3.125,0,0,0,1,55972,1188729
crc32,128,0.001,6,0,0,1056,3.125,0,0,0,1,54985,1003639
crc32,128,0.001,7,3,1,1056,3.125,1,0,0,0,43405,518854
crc32,128,0.001,8,1,1,1056,3.125,1,0,0,0,63983,469988
crc32,128,0.001,9,0,0,1056,3.125,0,0,0,1,54152,675808
crc32,128,0.001,10,1,1,1056,3.125,1,0,0,0,42727,419363
crc32,128,0.001,11,1,1,1056,3.125,1,0,0,0,43355,675592
crc32,128,0.01,0,16,1,1056,3.125,1,0,0,0,53483,539215
crc32,128,0.01,1,11,1,1056,3.125,1,0,0,0,53268,979637
crc32,128,0.01,2,6,1,1056,3.125,1,0,0,0,43940,972131
crc32,128,0.01,3,15,1,1056,3.125,1,0,0,0,43221,688713
crc32,128,0.01,4,11,1,1056,3.125,1,0,0,0,44290,454594
crc32,128,0.01,5,4,1,1056,3.125,1,0,0,0,61432,778152
crc32,128,0.01,6,9,1,1056,3.125,1,0,0,0,66821,563268
crc32,128,0.01,7,9,1,1056,3.125,1,0,0,0,52979,673093
crc32,128,0.01,8,12,1,1056,3.125,1,0,0,0,52969,443939
crc32,128,0.01,9,10,1,1056,3.125,1,0,0,0,43457,719203
crc32,128,0.01,10,6,1,1056,3.125,1,0,0,0,103769,450171
crc32,128,0.01,11,7,1,1056,3.125,1,0,0,0,52825,448320
crc32,128,0.05,0,50,1,1056,3.125,1,0,0,0,47920,537224
crc32,128,0.05,1,41,1,1056,3.125,1,0,0,0,42069,440413
crc32,128,0.05,2,39,1,1056,3.125,1,0,0,0,43437,432022
crc32,128,0.05,3,60,1,1056,3.125,1,0,0,0,52733,529096
crc32,128,0.05,4,49,1,1056,3.125,1,0,0,0,42676,690743
crc32,128,0.05,5,45,1,1056,3.125,1,0,0,0,91542,430850
crc32,128,0.05,6,43,1,1056,3.125,1,0,0,0,52167,488332
crc32,128,0.05,7,44,1,1056,3.125,1,0,0,0,44290,498081
crc32,128,0.05,8,45,1,1056,3.125,1,0,0,0,44619,700055
crc32,128,0.05,9,56,1,1056,3.125,1,0,0,0,54851,432947
crc32,128,0.05,10,30,1,1056,3.125,1,0,0,0,53268,449441
crc32,128,0.05,11,45,1,1056,3.125,1,0,0,0,52445,529610
crc32,512,0,0,0,0,4128,0.78125,0,0,0,1,153982,3241601
crc32,512,0,1,0,0,4128,0.78125,0,0,0,1,162394,3191327
crc32,512,0,2,0,0,4128,0.78125,0,0,0,1,152882,3493141
crc32,512,0,3,0,0,4128,0.78125,0,0,0,1,216113,3211708
crc32,512,0,4,0,0,4128,0.78125,0,0,0,1,190817,3227781
crc32,512,0,5,0,0,4128,0.78125,0,0,0,1,197594,3021571
crc32,512,0,6,0,0,4128,0.78125,0,0,0,1,233379,2811318
crc32,512,0,7,0,0,4128,0.78125,0,0,0,1,162167,2761866
crc32,512,0,8,0,0,4128,0.78125,0,0,0,1,201532,3324063
crc32,512,0,9,0,0,4128,0.78125,0,0,0,1,151596,3490498
crc32,512,0,10,0,0,4128,0.78125,0,0,0,1,207219,3106419
crc32,512,0,11,0,0,4128,0.78125,0,0,0,1,189932,2576939
crc32,512,0.001,0,3,1,4128,0.78125,1,0,0,0,205522,2039279
crc32,512,0.001,1,3,1,4128,0.78125,1,0,0,0,151514,1624966
crc32,512,0.001,2,6,1,4128,0.78125,1,0,0,0,160738,1612626
crc32,512,0.001,3,3,1,4128,0.78125,1,0,0,0,159679,1680527
crc32,512,0.001,4,3,1,4128,0.78125,1,0,0,0,164337,1736044
crc32,512,0.001,5,2,1,4128,0.78125,1,0,0,0,302679,1662725
crc32,512,0.001,6,4,1,4128,0.78125,1,0,0,0,183690,1543069
crc32,512,0.001,7,4,1,4128,0.78125,1,0,0,0,151216,1606918
crc32,512,0.001,8,8,1,4128,0.78125,1,0,0,0,167114,1879045
crc32,512,0.001,9,1,1,4128,0.78125,1,0,0,0,156800,2189765
crc32,512,0.001,10,6,1,4128,0.78125,1,0,0,0,240074,2267496
crc32,512,0.001,11,2,1,4128,0.78125,1,0,0,0,204525,1631433
crc32,512,0.01,0,45,1,4128,0.78125,1,0,0,0,156470,2089276
crc32,512,0.01,1,43,1,4128,0.78125,1,0,0,0,165489,2988663
crc32,512,0.01,2,40,1,4128,0.78125,1,0,0,0,383163,2632245
crc32,512,0.01,3,44,1,4128,0.78125,1,0,0,0,220361,2722491
crc32,512,0.01,4,46,1,4128,0.78125,1,0,0,0,197038,1751769
crc32,512,0.01,5,36,1,4128,0.78125,1,0,0,0,198273,2726018
crc32,512,0.01,6,37,1,4128,0.78125,1,0,0,0,196483,2630569
crc32,512,0.01,7,45,1,4128,0.78125,1,0,0,0,197501,2607997
crc32,512,0.01,8,42,1,4128,0.78125,1,0,0,0,190323,2441706
crc32,512,0.01,9,44,1,4128,0.78125,1,0,0,0,184647,2339572
crc32,512,0.01,10,47,1,4128,0.78125,1,0,0,0,288682,1625294
crc32,512,0.01,11,37,1,4128,0.78125,1,0,0,0,196411,1710976
crc32,512,0.05,0,207,1,4128,0.78125,1,0,0,0,204946,2579225
crc32,512,0.05,1,207,1,4128,0.78125,1,0,0,0,169684,2066983
crc32,512,0.05,2,197,1,4128,0.78125,1,0,0,0,180400,2873584
crc32,512,0.05,3,219,1,4128,0.78125,1,0,0,0,206365,1841665
crc32,512,0.05,4,206,1,4128,0.78125,1,0,0,0,153263,2504577
crc32,512,0.05,5,195,1,4128,0.78125,1,0,0,0,201419,1757219
crc32,512,0.05,6,194,1,4128,0.78125,1,0,0,0,152285,1622344
crc32,512,0.05,7,194,1,4128,0.78125,1,0,0,0,152583,1584141
crc32,512,0.05,8,189,1,4128,0.78125,1,0,0,0,160954,2360859
crc32,512,0.05,9,197,1,4128,0.78125,1,0,0,0,187197,2167820
crc32,512,0.05,10,196,1,4128,0.78125,1,0,0,0,449956,1825572
crc32,512,0.05,11,196,1,4128,0.78125,1,0,0,0,189572,2029387
